,Gender,Married,Dependents,Education,Self_Employed,Applicant_Income,Coapplicant_Income,Loan_Amount,Loan_Amount_Term,Credit_History,Property_Area,Loan_Status
0,1,0,0,0,0,0.07048855905998763,0.0,0.19885985841123321,0.7435897435897436,2,2,1
1,1,1,1,0,0,0.05482993197278912,0.03619171046631627,0.17221418234442834,0.7435897435897436,2,0,0
2,1,1,0,0,1,0.0352504638218924,0.0,0.0824891461649783,0.7435897435897436,2,2,1
3,1,1,0,1,0,0.030092764378478663,0.05659154726762186,0.1606367583212735,0.7435897435897436,2,2,1
4,1,0,0,0,0,0.07235621521335807,0.0,0.19102749638205496,0.7435897435897436,2,2,1
5,1,1,2,0,1,0.06514533085961657,0.100703194374445,0.3733719247467438,0.7435897435897436,2,2,1
6,1,1,0,1,0,0.027000618429189858,0.03638370893032856,0.12445730824891461,0.7435897435897436,2,2,1
7,1,1,3,0,0,0.03569573283858998,0.060095519235846113,0.21562952243125902,0.7435897435897436,0,1,0
8,1,1,2,0,0,0.047693259121830554,0.03662370701034392,0.23010130246020258,0.7435897435897436,2,2,1
9,1,1,1,0,0,0.15696969696969698,0.2632298941608467,0.49204052098408096,0.7435897435897436,2,1,0
10,1,1,2,0,0,0.037724180581323444,0.01679986560107519,0.08827785817655572,0.7435897435897436,2,2,1
11,1,1,2,0,0,0.02906617192331478,0.04415964672282622,0.14471780028943557,0.7435897435897436,2,2,1
12,1,1,2,0,0,0.03615337043908473,0.19454244366045073,0.276410998552822,0.7435897435897436,2,2,1
13,1,0,0,0,0,0.021063698206555348,0.0681594547243622,0.15195369030390735,0.7435897435897436,2,0,0
14,1,1,2,0,0,0.014211502782931354,0.026063791489668083,0.011577424023154847,0.2307692307692308,2,2,1
15,1,0,0,0,0,0.05936920222634509,0.0,0.16787264833574528,0.7435897435897436,2,2,1
16,1,0,1,1,0,0.04262213976499691,0.0,0.13169319826338638,0.4871794871794872,1,2,1
17,0,0,0,0,0,0.041558441558441565,0.0,0.09696092619392185,0.7435897435897436,0,2,0
18,1,1,0,1,0,0.05858998144712431,0.0,0.17945007235890012,0.7435897435897436,2,0,0
19,1,1,0,0,0,0.0303030303030303,0.08399932800537596,0.15340086830680172,0.7051282051282052,2,2,1
20,1,1,0,1,0,0.09288806431663575,0.0,0.1374819102749638,0.7435897435897436,0,2,0
21,1,1,1,0,0,0.07179962894248608,0.13499892000863994,0.4428364688856729,0.7435897435897436,2,2,1
22,1,1,0,1,0,0.0303030303030303,0.045863633090935274,0.15484804630969606,0.7435897435897436,0,1,0
23,1,1,2,1,0,0.03976499690785405,0.04600763193894449,0.14905933429811866,0.7435897435897436,0,0,0
24,1,1,1,0,0,0.0441187384044527,0.07019943840449276,0.20549927641099852,0.7435897435897436,1,1,0
25,1,1,0,0,1,0.11638837353123067,0.0,0.26338639652677276,0.7435897435897436,2,1,1
26,1,1,0,0,0,0.032764378478664195,0.05407156742746058,0.16353111432706222,0.7435897435897436,2,1,1
27,1,1,2,1,0,0.050414347557204704,0.024959800321597427,0.14616497829232994,0.7435897435897436,2,2,1
28,1,0,0,1,0,0.01598021026592455,0.0,0.03762662807525326,0.7435897435897436,2,2,0
29,0,0,2,0,0,0.04452690166975882,0.049991600067199465,0.1606367583212735,0.7435897435897436,2,1,1
30,1,1,1,0,0,0.049672232529375394,0.08085535315717474,0.2778581765557163,0.7435897435897436,1,2,0
31,1,0,0,0,0,0.03731601731601732,0.0,0.09406657018813314,0.7435897435897436,2,2,0
32,1,0,1,0,1,0.05617810760667904,0.0,0.1403762662807525,0.7435897435897436,2,0,0
33,1,1,0,0,0,0.041434755720470014,0.04000767993856049,0.15195369030390735,0.7435897435897436,2,1,1
34,1,0,3,0,0,0.15275200989486704,0.07199942400460796,0.4500723589001447,0.7435897435897436,2,0,0
35,1,1,0,0,0,0.026283240568954855,0.04960760313917489,0.19885985841123321,0.7435897435897436,2,2,1
36,1,1,0,0,0,0.02075448361162647,0.03191974464204286,0.13169319826338638,0.7051282051282052,0,2,0
37,0,1,0,0,0,0.04350030921459493,0.03501571987424101,0.19536903039073802,0.7435897435897436,2,1,1
38,1,0,0,0,0,0.049672232529375394,0.17303861569107448,0.2532561505065123,0.7435897435897436,2,2,1
39,1,0,0,1,0,0.04450216450216451,0.04003167974656203,0.14616497829232994,0.7435897435897436,2,1,1
40,1,0,0,0,0,0.04267161410018554,0.0,0.10274963820549927,0.7435897435897436,2,2,0
41,1,0,0,0,0,0.020408163265306124,0.029111767105863152,0.05499276410998552,0.7435897435897436,2,2,1
42,1,1,0,0,0,0.027829313543599257,0.0,0.0955137481910275,0.7435897435897436,1,2,1
43,1,1,0,0,0,0.04688930117501547,0.056063551491588065,0.18089725036179446,0.7435897435897436,2,1,1
44,1,1,0,1,1,0.056215213358070504,0.0,0.12590448625180894,0.7051282051282052,2,2,1
45,0,0,0,0,0,0.04032158317872604,0.0,0.11432706222865412,0.7051282051282052,2,2,1
46,1,1,1,0,0,0.06801484230055659,0.0,0.05065123010130246,0.7435897435897436,2,2,1
47,1,1,0,0,0,0.07014223871366729,0.0,0.19536903039073802,0.7435897435897436,2,2,1
48,0,1,0,0,0,0.03085961657390229,0.0825593395252838,0.1606367583212735,0.7435897435897436,0,2,0
49,0,0,0,0,0,0.04761904761904762,0.05459956320349437,0.19536903039073802,0.7435897435897436,2,1,1
50,0,1,0,1,0,0.021991341991341992,0.039455684354525164,0.13169319826338638,0.7435897435897436,2,1,1
51,0,0,0,0,0,0.03631416202844775,0.0,0.1606367583212735,0.7435897435897436,2,1,1
52,0,0,0,0,0,0.050463821892393325,0.0,0.14905933429811866,0.7435897435897436,2,1,0
53,1,1,2,0,0,0.055238095238095246,0.0,0.18089725036179446,0.7435897435897436,2,2,0
54,0,1,1,0,1,0.14038342609771182,0.0,0.4008683068017366,0.7435897435897436,0,2,0
55,1,1,2,0,0,0.03163883735312307,0.0280077759377925,0.12735166425470332,0.7435897435897436,2,1,1
56,1,1,0,0,0,0.02451453308596166,0.038183694530443756,0.12590448625180894,0.7435897435897436,2,1,1
57,1,1,0,0,0,0.03977736549165121,0.05279957760337917,0.18234442836468884,0.7435897435897436,2,0,0
58,1,1,1,0,0,0.09808286951144093,0.05399956800345597,0.24746743849493485,0.7435897435897436,2,2,1
59,1,1,2,1,0,0.03966604823747681,0.06861545107639139,0.19536903039073802,0.7435897435897436,2,2,1
60,1,1,0,0,0,0.02906617192331478,0.09110327117383062,0.1606367583212735,0.7435897435897436,2,2,1
61,1,1,3,0,0,0.0356091527520099,0.0,0.130246020260492,0.7435897435897436,2,2,1
62,1,1,0,1,1,0.030414347557204704,0.08277533779729762,0.22575976845151952,0.358974358974359,0,0,0
63,1,1,1,0,0,0.059307359307359316,0.0,0.19885985841123321,0.7435897435897436,0,0,0
64,0,0,0,0,0,0.049672232529375394,0.0,0.15484804630969606,0.7435897435897436,0,1,0
65,1,1,0,0,0,0.06896722325293754,0.11027911776705786,0.3603473227206946,0.7435897435897436,2,1,0
66,1,0,0,1,0,0.037724180581323444,0.05409556723546212,0.16931982633863962,0.358974358974359,0,2,0
67,1,1,1,0,0,0.1311069882498454,0.0,0.4384949348769898,0.7435897435897436,2,2,1
68,1,1,3,1,1,0.08596165739022882,0.0,0.16787264833574528,0.10256410256410257,2,2,1
69,0,0,0,0,0,0.05132962275819419,0.0,0.18379160636758318,0.7435897435897436,0,1,0
70,1,1,0,0,0,0.037823129251700685,0.07358341133270933,0.23589001447178,0.7435897435897436,2,2,1
71,1,1,2,1,1,0.021335807050092765,0.044999640002879975,0.12735166425470332,0.7435897435897436,2,1,1
72,1,0,0,0,0,0.041434755720470014,0.0,0.10419681620839363,0.6153846153846154,2,1,1
73,1,1,3,1,0,0.05695732838589982,0.0,0.12445730824891461,0.7051282051282052,0,1,0
74,1,1,3,0,1,0.06327767470624614,0.042575659394724845,0.2575976845151953,0.7435897435897436,2,1,1
75,1,0,0,0,0,0.04452690166975882,0.0,0.150506512301013,1.0000000000000002,2,2,0
76,1,0,0,0,0,0.04452690166975882,0.11399908800729594,0.24167872648335742,0.7435897435897436,2,2,0
77,1,1,1,0,1,0.010513296227581943,0.07252741978064176,0.14616497829232994,0.7435897435897436,2,2,0
78,1,1,3,0,0,0.03731601731601732,0.09599923200614395,0.24746743849493485,0.6153846153846154,0,1,0
79,1,1,3,1,1,0.03936920222634509,0.05198358413132695,0.17510853835021706,0.7435897435897436,1,1,1
80,0,0,0,0,0,0.04571428571428572,0.0,0.14761215629522428,0.7435897435897436,2,1,1
81,1,1,1,0,1,0.02776747062461348,0.0,0.19885985841123321,0.7435897435897436,2,1,1
82,0,1,2,0,0,0.01518862090290662,0.04514363885088919,0.22865412445730823,0.7435897435897436,2,2,0
83,1,1,0,0,0,0.07235621521335807,0.05399956800345597,0.3704775687409551,0.7435897435897436,1,1,0
84,1,1,1,0,0,0.04747062461348176,0.0,0.059334298118668596,0.4871794871794872,2,2,1
85,1,0,0,0,0,0.02740878169449598,0.06074351405188758,0.18379160636758318,0.7435897435897436,2,1,1
86,1,1,2,1,0,0.03936920222634509,0.047999616003071975,0.130246020260492,0.7435897435897436,1,1,1
87,1,1,0,0,0,0.02906617192331478,0.05083159334725322,0.1374819102749638,0.7435897435897436,2,1,1
88,1,0,0,0,0,0.10409400123685839,0.0,0.29088277858176553,0.7435897435897436,2,2,1
89,1,1,0,0,0,0.06858379715522572,0.10000719994240047,0.24023154848046308,0.7435897435897436,2,1,1
90,1,1,0,0,0,0.03473098330241188,0.06959944320445437,0.1765557163531114,0.7435897435897436,2,1,1
91,1,1,2,0,0,0.07544836116264687,0.1356949144406845,0.25904486251808967,0.358974358974359,2,1,1
92,1,1,2,1,0,0.03862708719851578,0.0436796505627955,0.10419681620839363,0.7435897435897436,2,2,1
93,1,0,0,0,0,0.04926406926406927,0.0,0.16353111432706222,0.7435897435897436,2,1,1
94,1,0,0,1,0,0.04291898577612864,0.0,0.023154848046309698,0.2307692307692308,2,1,1
95,1,0,0,0,0,0.08202844774273346,0.0,0.19885985841123321,0.7435897435897436,1,2,0
96,0,1,0,0,0,0.028868274582560298,0.05524755801953585,0.18523878437047755,0.7435897435897436,2,1,1
97,1,1,0,0,0,0.0225974025974026,0.02392780857753138,0.059334298118668596,0.7435897435897436,2,1,1
98,1,1,0,1,0,0.04994434137291281,0.0,0.15340086830680172,0.358974358974359,2,1,1
99,1,1,0,0,0,0.01990105132962276,0.08498332013343893,0.1765557163531114,0.7435897435897436,2,1,1
100,1,1,2,1,0,0.05118119975262833,0.07831137350901193,0.17945007235890012,0.358974358974359,2,2,1
101,1,0,0,0,0,0.05804576376004948,0.09134326925384598,0.20549927641099852,0.7435897435897436,2,1,1
102,1,1,0,0,0,0.16697588126159554,0.0,0.19885985841123321,0.7435897435897436,2,2,1
103,1,1,0,0,0,0.05568336425479283,0.08599131206950344,0.19885985841123321,0.7435897435897436,2,1,1
104,1,1,0,0,0,0.04534322820037106,0.018095855233158136,0.21852387843704774,0.7435897435897436,2,2,1
105,1,1,1,0,0,0.03589363017934447,0.024719802241582066,0.13169319826338638,0.7435897435897436,2,2,1
106,1,1,2,0,0,0.13935683364254794,0.027023783809729522,0.3125904486251809,0.7435897435897436,2,2,1
107,1,0,0,1,0,0.08884353741496599,0.0,0.1606367583212735,0.7435897435897436,2,0,0
108,1,1,2,0,0,0.04514533085961658,0.08639930880552955,0.29956584659913166,0.7435897435897436,0,2,0
109,1,1,3,1,0,0.023760049474335188,0.018095855233158136,0.12301013024602024,1.0000000000000002,2,1,1
110,1,0,0,0,0,0.0638961038961039,0.0,0.18379160636758318,0.7435897435897436,2,2,1
111,0,1,0,0,0,0.034372294372294374,0.05599155206758346,0.18813314037626624,0.7435897435897436,2,1,1
112,1,1,0,1,0,0.042325293753865185,0.09873521011831905,0.2069464544138929,0.7051282051282052,0,0,0
113,0,0,1,0,1,0.0903030303030303,0.0,0.19885985841123321,0.7435897435897436,2,1,1
114,1,0,0,0,0,0.060606060606060615,0.0,0.15774240231548478,0.7435897435897436,2,1,1
115,1,1,1,0,0,0.17851576994434137,0.0,0.25470332850940663,0.358974358974359,2,0,1
116,0,1,0,0,0,0.03731601731601732,0.054791561667506664,0.20984081041968158,0.7435897435897436,2,1,1
117,1,1,1,0,0,0.025528756957328386,0.03355173158614731,0.10998552821997105,0.7435897435897436,1,2,1
118,1,1,0,0,0,0.06701298701298701,0.051407588739290085,0.24023154848046308,0.7435897435897436,2,0,0
119,0,0,0,0,0,0.12687693259121832,0.0,0.361794500723589,0.7435897435897436,2,2,1
120,1,1,0,0,0,0.06823747680890538,0.06400748794009647,0.24746743849493485,0.7435897435897436,2,0,1
121,0,0,0,0,0,0.049672232529375394,0.0,0.05065123010130246,0.7435897435897436,2,1,1
122,0,0,0,0,0,0.024576376004947435,0.21551827585379318,0.18523878437047755,0.7435897435897436,0,1,1
123,1,1,2,0,0,0.034718614718614725,0.0,0.10419681620839363,0.7435897435897436,2,1,1
124,1,1,0,1,0,0.05132962275819419,0.04833561331509348,0.26772793053545585,0.7435897435897436,2,0,1
125,0,0,0,0,0,0.04380952380952381,0.0,0.1215629522431259,0.7435897435897436,1,0,1
126,1,1,3,0,0,0.2925541125541126,0.0,0.5224312590448625,0.7435897435897436,2,0,1
127,1,0,0,0,0,0.04594928880643167,0.03935968512251902,0.19885985841123321,0.7435897435897436,2,0,1
128,1,1,1,0,1,0.1281756338899196,0.09239926080591356,0.21852387843704774,0.358974358974359,0,2,0
129,1,1,0,0,0,0.07334570191713048,0.06165550675594595,0.25036179450072354,0.7435897435897436,1,0,0
130,1,0,0,0,1,0.247569573283859,0.0,0.9276410998552822,1.0000000000000002,1,2,1
131,1,0,0,0,0,0.02305504019789734,0.04629562963496292,0.09406657018813314,0.7435897435897436,2,2,1
132,1,0,0,0,0,0.03176252319109463,0.0,0.08827785817655572,0.7435897435897436,2,1,1
133,1,1,0,0,1,0.040927643784786645,0.0,0.023154848046309698,0.2307692307692308,2,1,1
134,1,0,0,0,0,0.05868893011750155,0.0,0.1345875542691751,0.7435897435897436,2,1,1
135,1,1,3,0,0,0.04761904761904762,0.1859985120119039,0.406657018813314,0.7435897435897436,2,1,0
136,0,1,0,0,0,0.05482993197278912,0.0,0.1085383502170767,0.7435897435897436,2,0,0
137,1,1,2,0,1,0.03915893630179345,0.08399932800537596,0.11432706222865412,0.7435897435897436,2,2,1
138,1,0,0,0,0,0.18366110080395795,0.0,0.3371924746743849,0.7435897435897436,0,1,0
139,1,1,2,1,0,0.05009276437847867,0.03431972544219646,0.17366136034732269,0.7435897435897436,2,0,0
140,1,1,2,0,0,0.06050711193568337,0.049991600067199465,0.25470332850940663,0.7435897435897436,2,0,0
141,1,0,0,0,0,0.06514533085961657,0.0,0.23010130246020258,0.7435897435897436,2,2,1
142,1,0,0,0,1,0.08410636982065553,0.0,0.24023154848046308,0.358974358974359,2,1,1
143,1,1,0,0,0,0.03151515151515152,0.0488156094751242,0.16353111432706222,0.7435897435897436,2,1,1
144,1,1,2,0,0,0.1435621521335807,0.0,0.2575976845151953,0.358974358974359,2,2,1
145,0,1,0,0,0,0.026963512677798392,0.10766313869489044,0.13169319826338638,0.7435897435897436,2,1,1
146,0,1,2,0,0,0.1820160791589363,0.0,0.08827785817655572,0.7435897435897436,2,2,1
147,1,1,1,0,0,0.017167594310451454,0.03419972640218878,0.030390738060781478,0.7435897435897436,2,2,1
148,0,0,0,0,0,0.12183055040197897,0.03998368013055895,0.3125904486251809,0.7435897435897436,2,0,0
149,1,1,0,0,0,0.05825602968460112,0.01991984064127487,0.16787264833574528,0.7435897435897436,2,1,1
150,1,0,0,0,0,0.07578231292517007,0.0,0.15774240231548478,0.7435897435897436,0,0,0
151,1,1,0,0,1,0.03001855287569573,0.08999928000575995,0.2069464544138929,0.7435897435897436,2,0,1
152,1,0,0,0,0,0.11151515151515151,0.0,0.34008683068017365,0.7435897435897436,2,2,0
153,1,1,2,1,0,0.026357452071737786,0.0,0.150506512301013,0.7435897435897436,2,0,0
154,1,0,0,0,0,0.03839208410636982,0.0,0.059334298118668596,0.7435897435897436,2,2,1
155,1,1,3,0,0,0.4928756957328386,0.0,0.8552821997105644,0.358974358974359,0,1,1
156,1,1,1,0,0,0.07235621521335807,0.0,0.21852387843704774,0.7435897435897436,1,0,1
157,1,1,1,0,0,0.11611626468769326,0.0,0.2575976845151953,0.7435897435897436,2,2,1
158,1,0,0,0,0,0.035003092145949294,0.049991600067199465,0.1606367583212735,0.7435897435897436,2,0,1
159,1,1,0,0,0,0.05482993197278912,0.13499892000863994,0.35600578871201155,0.7435897435897436,2,1,1
160,1,1,0,1,0,0.021187384044526903,0.024983800129598964,0.12879884225759766,0.7435897435897436,2,1,1
161,1,1,0,0,0,0.09626468769325912,0.0,0.38494934876989867,0.7435897435897436,2,2,0
162,1,1,1,0,0,0.036351267779839214,0.030719754241966064,0.16208393632416784,0.7435897435897436,0,1,0
163,1,1,2,0,0,0.04968460111317255,0.03472772217822257,0.21562952243125902,0.7435897435897436,2,0,1
164,1,1,0,0,0,0.1134570191713049,0.0,0.0955137481910275,0.358974358974359,2,2,1
165,1,1,0,0,0,0.04399505256648114,0.07598339213286294,0.25036179450072354,0.7051282051282052,2,0,1
166,0,1,0,0,0,0.05482993197278912,0.0,0.14905933429811866,0.7435897435897436,2,0,0
167,1,1,0,0,0,0.028311688311688312,0.07999136006911944,0.17366136034732269,0.7435897435897436,2,0,1
168,1,0,0,0,0,0.025813234384662955,0.0,0.07814761215629522,1.0000000000000002,0,1,0
169,1,1,2,0,0,0.09709338280766852,0.0,0.276410998552822,0.7435897435897436,2,1,1
170,1,1,0,1,0,0.020655534941249228,0.042455660354717165,0.12445730824891461,0.7435897435897436,2,0,1
171,1,1,3,0,0,0.6383797155225727,0.0,1.0,0.6153846153846154,2,2,1
172,1,1,3,1,0,0.04170686456400743,0.0,0.10419681620839363,0.358974358974359,2,0,0
173,1,1,0,0,0,0.06874458874458875,0.13499892000863994,0.2575976845151953,0.7435897435897436,2,1,1
174,1,1,0,1,1,0.05187384044526902,0.017663858689130486,0.11287988422575977,0.7435897435897436,2,1,0
175,1,1,0,0,0,0.04139764996907855,0.04713562291501668,0.15484804630969606,0.7435897435897436,2,0,1
176,1,1,2,0,0,0.023438466295609153,0.03885568915448676,0.13314037626628072,0.7435897435897436,2,0,1
177,1,1,3,0,0,0.06636982065553494,0.2711978304173567,0.703328509406657,0.7435897435897436,0,1,0
178,1,1,1,0,0,0.04452690166975882,0.0,0.15484804630969606,0.7435897435897436,2,1,1
179,1,0,0,1,0,0.027000618429189858,0.03482372141022872,0.1345875542691751,1.0000000000000002,0,2,0
180,1,1,1,0,0,0.07730364873222016,0.17399860801113592,0.24746743849493485,0.7435897435897436,0,2,0
181,1,0,0,0,0,0.02184291898577613,0.1215110279117767,0.08393632416787264,0.7435897435897436,1,0,0
182,1,1,0,0,0,0.05504019789734076,0.0,0.09261939218523878,0.358974358974359,2,1,1
183,1,1,1,0,0,0.4167717996289425,0.0,0.36324167872648333,0.7435897435897436,2,1,0
184,0,1,0,0,0,0.042980828695114416,0.0,0.14327062228654122,0.7435897435897436,2,1,1
185,1,1,0,0,1,0.4823376623376624,0.11399908800729594,0.1606367583212735,0.7435897435897436,2,1,1
186,1,1,1,0,1,0.025083487940630797,0.0,0.0824891461649783,0.6153846153846154,0,0,0
187,1,1,0,0,0,0.02761904761904762,0.05131158950728394,0.07091172214182344,0.7435897435897436,1,0,1
188,1,1,0,0,1,0.006481137909709338,0.12710298317613458,0.23010130246020258,0.7435897435897436,2,0,1
189,1,1,0,0,0,0.11351886209029066,0.0,0.25904486251808967,0.358974358974359,2,0,1
190,1,0,0,1,0,0.05856524427953,0.0,0.05643994211287988,0.7435897435897436,2,0,1
191,1,0,0,0,0,0.14656771799628943,0.0,0.22431259044862514,0.7435897435897436,2,1,0
192,1,1,0,1,0,0.0727643784786642,0.0,0.21852387843704774,0.7435897435897436,2,2,0
193,1,0,0,0,0,0.04586270871985158,0.0,0.09696092619392185,0.7435897435897436,2,1,1
194,1,0,0,0,0,0.049981447124304273,0.0,0.1606367583212735,0.7435897435897436,2,0,1
195,1,1,1,0,0,0.0367965367965368,0.061991504067967454,0.2329956584659913,0.7435897435897436,2,1,0
196,1,0,0,0,0,0.10121212121212121,0.08999928000575995,0.2575976845151953,0.7435897435897436,2,0,1
197,0,0,0,1,0,0.02173160173160173,0.05675954592363261,0.1606367583212735,0.7051282051282052,2,2,1
198,0,1,0,0,0,0.04039579468150897,0.06758345933232535,0.150506512301013,0.7435897435897436,1,1,1
199,1,0,0,0,1,0.1341991341991342,0.0,0.10709117221418234,0.7435897435897436,2,2,0
200,1,1,1,1,0,0.0303030303030303,0.05999952000383997,0.11722141823444283,0.7435897435897436,2,1,1
201,1,0,2,0,0,0.059035250463821895,0.0,0.22720694645441386,0.7435897435897436,0,1,1
202,1,1,3,1,0,0.04752009894867038,0.0,0.19885985841123321,0.358974358974359,2,2,0
203,1,1,1,1,0,0.041434755720470014,0.025991792065663474,0.18234442836468884,0.7435897435897436,2,2,1
204,1,1,2,1,0,0.04659245516388374,0.0,0.1664254703328509,0.7435897435897436,2,1,1
205,0,0,0,1,0,0.05266542980828696,0.0,0.1606367583212735,0.7435897435897436,2,1,1
206,0,0,0,0,0,0.03826839826839827,0.0,0.10274963820549927,0.7435897435897436,2,2,1
207,1,0,0,1,0,0.047309833024118744,0.06074351405188758,0.06657018813314038,0.7435897435897436,2,0,1
208,1,0,0,0,0,0.028806431663574522,0.0,0.0723589001447178,0.7435897435897436,2,2,1
209,1,0,0,0,0,0.04042053184910328,0.0,0.170767004341534,0.7435897435897436,2,1,0
210,0,0,0,0,0,0.12183055040197897,0.0,0.29667149059334297,0.7435897435897436,2,1,0
211,1,1,3,0,0,0.040568954854669145,0.029999760001919985,0.17221418234442834,0.7435897435897436,0,1,0
212,1,1,1,0,1,0.09445887445887446,0.0,0.3342981186685962,0.7435897435897436,2,2,1
213,1,1,3,1,1,0.06868274582560296,0.0,0.17510853835021706,0.7435897435897436,2,0,1
214,1,1,0,0,0,0.037390228818800254,0.07250341997264022,0.18523878437047755,0.7435897435897436,2,2,1
215,1,1,3,1,0,0.04576376004947434,0.023591811265509875,0.13169319826338638,0.7435897435897436,2,1,1
216,1,1,0,0,0,0.0,0.04319965440276478,0.18234442836468884,0.7435897435897436,2,0,0
217,1,1,0,0,0,0.04424242424242425,0.042599659202726375,0.1765557163531114,0.7435897435897436,2,1,1
218,1,1,2,0,0,0.05998763141620285,0.0,0.09117221418234442,0.7435897435897436,0,1,0
219,0,1,2,0,0,0.051119356833642556,0.057191542467660256,0.170767004341534,0.7435897435897436,1,1,1
220,1,1,0,0,0,0.025615337043908473,0.0,0.07380607814761216,0.7435897435897436,0,2,0
221,1,1,2,0,0,0.04773036487322202,0.041207670338637294,0.15484804630969606,0.7435897435897436,2,1,1
222,1,0,0,0,0,0.0348917748917749,0.06698346413228694,0.19536903039073802,0.7435897435897436,2,1,1
223,1,1,0,0,0,0.09187384044526901,0.024239806081551348,0.24023154848046308,0.7051282051282052,2,1,1
224,1,1,0,0,0,0.07544836116264687,0.0,0.17221418234442834,0.7435897435897436,2,1,1
225,1,1,0,0,0,0.0383426097711812,0.0,0.2329956584659913,0.7435897435897436,2,0,0
226,1,1,0,1,1,0.05670995670995672,0.0,0.1866859623733719,0.7435897435897436,2,2,0
227,1,1,2,0,0,0.07544836116264687,0.0406796745626035,0.29088277858176553,0.7435897435897436,2,1,1
228,1,1,0,0,0,0.056994434137291286,0.0,0.21562952243125902,1.0000000000000002,2,1,1
229,1,0,0,0,1,0.07730364873222016,0.0,0.276410998552822,0.7435897435897436,2,0,1
230,1,1,1,0,0,0.028954854669140384,0.04929560563515492,0.1374819102749638,0.7435897435897436,2,1,1
231,1,1,0,0,0,0.04410636982065554,0.0,0.04775687409551375,0.358974358974359,2,0,1
232,1,0,0,1,0,0.03758812615955474,0.062351501187990495,0.1606367583212735,0.7051282051282052,2,0,1
233,0,0,0,0,0,0.10121212121212121,0.0,0.39218523878437045,0.7435897435897436,2,1,1
234,1,1,1,0,0,0.037167594310451454,0.042695658434732525,0.18958031837916062,0.7435897435897436,2,1,1
235,1,1,1,0,0,0.06617192331478046,0.030239758081935346,0.2329956584659913,0.7435897435897436,2,0,1
236,1,1,0,0,0,0.06921459492888064,0.0,0.35600578871201155,0.7435897435897436,1,2,0
237,0,0,0,0,1,0.040977118119975266,0.0,0.16353111432706222,0.7435897435897436,1,2,1
238,0,0,1,0,0,0.04529375386518244,0.0,0.14905933429811866,0.7435897435897436,2,0,1
239,1,1,1,0,0,0.039146567717996295,0.0,0.12590448625180894,0.7435897435897436,2,1,1
240,1,1,2,0,0,0.07011750154607298,0.11999904000767994,0.1606367583212735,0.7435897435897436,2,0,1
241,1,1,1,1,0,0.029189857761286332,0.047591619267045866,0.18958031837916062,0.358974358974359,2,2,0
242,1,0,0,0,0,0.034817563388991966,0.13682290541675668,0.21128798842257596,0.10256410256410257,2,2,1
243,1,1,2,0,1,0.07544836116264687,0.031199750401996785,0.14327062228654122,0.7435897435897436,2,0,1
244,1,1,0,1,0,0.04027210884353742,0.10600715194278446,0.16497829232995656,0.7435897435897436,2,1,1
245,1,0,0,0,1,0.07297464440321583,0.10399116807065543,0.1606367583212735,0.358974358974359,2,2,0
246,1,1,2,0,0,0.11815708101422387,0.0,0.14905933429811866,0.7435897435897436,2,2,1
247,1,1,1,1,0,0.07987631416202845,0.0,0.18523878437047755,0.358974358974359,2,2,1
248,1,1,1,0,0,0.03379097093382808,0.044231646146830825,0.16497829232995656,1.0000000000000002,2,1,1
249,1,1,0,0,0,0.02051948051948052,0.044831641346869226,0.11722141823444283,0.7435897435897436,2,2,1
250,1,1,0,1,0,0.018775510204081632,0.093359253125975,0.2778581765557163,0.7435897435897436,0,1,0
251,0,0,2,0,0,0.04053184910327768,0.0,0.1866859623733719,0.7435897435897436,2,2,0
252,1,0,0,1,1,0.030092764378478663,0.052007583939328486,0.1374819102749638,0.7435897435897436,2,0,1
253,1,1,1,1,0,0.031057513914656772,0.17042263661890705,0.3907380607814761,0.358974358974359,2,1,1
254,1,0,0,0,1,0.19913419913419914,0.0,0.2648335745296671,0.7435897435897436,0,2,0
255,0,0,3,0,0,0.03627705627705628,0.0,0.35600578871201155,0.7435897435897436,2,0,1
256,1,0,0,1,0,0.07291280148423006,0.0,0.15340086830680172,0.7435897435897436,0,0,0
257,1,1,3,0,0,0.06307977736549165,0.0,0.12301013024602024,0.7435897435897436,2,2,0
258,1,1,0,0,0,0.1797526283240569,0.050399596803225574,0.426917510853835,0.7435897435897436,2,0,0
259,1,1,3,1,0,0.05913419913419914,0.0,0.17221418234442834,0.7435897435897436,1,1,0
260,1,1,1,0,0,0.07338280766852195,0.10199918400652795,0.46454413892908825,0.7435897435897436,1,2,1
261,1,0,0,0,0,0.02362399505256648,0.053015575875392996,0.18089725036179446,0.7435897435897436,2,1,1
262,0,0,1,0,0,0.04119975262832406,0.0,0.21128798842257596,0.05128205128205128,2,1,0
263,0,0,0,0,0,0.08719851576994435,0.0,0.1606367583212735,0.7435897435897436,2,0,1
264,1,0,0,0,1,0.062040816326530614,0.0,0.17221418234442834,0.7435897435897436,2,1,1
265,1,0,0,0,0,0.04879406307977737,0.08272733818129455,0.20549927641099852,0.7435897435897436,2,0,1
266,1,1,2,0,0,0.05637600494743353,0.033287733698130414,0.20405209840810418,0.7435897435897436,2,1,1
267,1,1,3,0,0,0.051737786023500314,0.043463652290781675,0.21852387843704774,0.7435897435897436,0,2,1
268,0,0,0,0,0,0.04042053184910328,0.0,0.18234442836468884,0.7435897435897436,2,0,0
269,0,0,1,0,0,0.03371675943104515,0.03743970048239614,0.11722141823444283,0.7435897435897436,2,2,1
270,0,0,0,0,0,0.038181818181818185,0.0,0.030390738060781478,0.7435897435897436,2,2,1
271,1,1,0,0,0,0.13600494743351887,0.0,0.18379160636758318,0.7435897435897436,2,2,1
272,1,0,0,0,0,0.03318491032776748,0.04456764345885233,0.16931982633863962,0.7435897435897436,2,0,1
273,1,1,0,0,0,0.03055040197897341,0.0533515731874145,0.20405209840810418,0.7435897435897436,2,1,1
274,1,1,2,0,0,0.0463821892393321,0.0,0.11722141823444283,0.7435897435897436,2,1,1
275,1,1,1,0,0,0.03215831787260359,0.04420764633882929,0.15340086830680172,0.7435897435897436,2,1,1
276,1,1,0,0,0,0.04753246753246754,0.07857537139702882,0.28654124457308244,0.7435897435897436,2,1,1
277,1,1,0,0,0,0.036524427952999386,0.031199750401996785,0.10274963820549927,0.7435897435897436,2,2,1
278,1,1,0,0,0,0.17851576994434137,0.0,0.61794500723589,0.7435897435897436,2,1,1
279,0,1,0,1,0,0.04885590599876315,0.0,0.1664254703328509,0.7435897435897436,1,0,1
280,1,0,1,1,1,0.048274582560296854,0.058223534211726304,0.21562952243125902,0.7435897435897436,0,2,0
281,1,1,0,0,0,0.04671614100185529,0.01919984640122879,0.14905933429811866,0.7435897435897436,2,1,1
282,1,1,2,0,0,0.026604823747680893,0.023659010435116513,0.09985528219971056,0.358974358974359,2,2,1
283,0,0,0,0,0,0.02054421768707483,0.03998368013055895,0.06512301013024602,0.7435897435897436,2,2,1
284,1,1,0,0,0,0.2537662337662338,0.0,0.19885985841123321,0.7435897435897436,2,0,0
285,1,0,0,0,0,0.03720470006184293,0.07327141382868937,0.11577424023154846,0.7435897435897436,2,0,1
286,0,0,0,0,1,0.0303030303030303,0.041207670338637294,0.130246020260492,0.6153846153846154,2,1,0
287,1,1,0,0,0,0.043957946815089674,0.047999616003071975,0.1606367583212735,0.7435897435897436,2,0,1
288,0,0,0,0,0,0.04915275200989487,0.0,0.15340086830680172,0.7435897435897436,2,1,1
289,1,0,0,0,0,0.1157452071737786,0.0,0.2575976845151953,0.7435897435897436,2,0,1
290,1,1,0,0,0,0.03617810760667904,0.05798353613171095,0.18813314037626624,0.7435897435897436,2,0,1
291,1,1,2,0,0,0.05256648113790972,0.0,0.170767004341534,0.7435897435897436,0,1,0
292,1,1,2,0,0,0.037142857142857144,0.03743970048239614,0.18089725036179446,0.7435897435897436,2,2,1
293,0,0,0,0,0,0.06514533085961657,0.0,0.19392185238784368,1.0000000000000002,0,2,0
294,1,1,0,0,0,0.02761904761904762,0.08001535987712098,0.23589001447178,0.7435897435897436,2,1,1
295,1,1,3,0,0,0.0527643784786642,0.029999760001919985,0.14616497829232994,0.7435897435897436,2,2,1
296,1,1,1,0,0,0.0831787260358689,0.0,0.276410998552822,0.7435897435897436,2,1,1
297,0,1,1,0,0,0.055856524427953004,0.0,0.18234442836468884,0.7435897435897436,2,2,1
298,0,0,0,0,0,0.05998763141620285,0.060983512131902944,0.20549927641099852,1.0000000000000002,2,0,0
299,1,1,1,0,0,0.02305504019789734,0.07019943840449276,0.150506512301013,0.7435897435897436,2,2,0
300,1,1,0,1,0,0.020408163265306124,0.07041543667650658,0.1215629522431259,0.7435897435897436,0,2,0
301,1,1,0,1,0,0.033704390847247995,0.04199966400268798,0.13892908827785816,0.7435897435897436,2,1,1
302,0,0,0,0,0,0.05998763141620285,0.0,0.17800289435600578,0.7435897435897436,2,0,1
303,1,1,1,0,0,0.018243661100803957,0.04327165382676939,0.12590448625180894,0.7435897435897436,2,2,1
304,1,0,0,0,0,0.04761904761904762,0.05999952000383997,0.18958031837916062,0.7435897435897436,2,0,1
305,1,0,0,1,0,0.022881880024737167,0.0,0.19885985841123321,0.7435897435897436,2,2,0
306,0,0,0,0,0,0.04467532467532468,0.03998368013055895,0.18234442836468884,0.7435897435897436,2,0,1
307,0,0,0,0,0,0.027829313543599257,0.044711642306861546,0.1374819102749638,0.7435897435897436,0,2,0
308,1,0,0,0,0,0.24839826839826842,0.0,0.6816208393632417,0.7435897435897436,2,0,0
309,1,1,2,1,0,0.09297464440321583,0.0,0.25470332850940663,0.7435897435897436,1,0,1
310,0,0,0,0,0,0.03422387136672851,0.0,0.1085383502170767,0.7435897435897436,2,1,1
311,1,0,0,1,0,0.03434755720470006,0.05771953824369405,0.14761215629522428,0.7435897435897436,2,1,1
312,0,0,0,0,0,0.029152752009894867,0.0,0.06801736613603473,0.7435897435897436,2,0,1
313,1,1,2,0,1,0.06921459492888064,0.0,0.19536903039073802,0.15384615384615388,1,0,1
314,1,1,0,0,0,0.02873222016079159,0.044231646146830825,0.21707670043415336,0.7435897435897436,2,0,0
315,1,1,1,1,0,0.040185528756957335,0.03935968512251902,0.14761215629522428,0.358974358974359,2,2,1
316,1,1,2,0,0,0.0441187384044527,0.0,0.1606367583212735,0.7435897435897436,2,1,1
317,1,1,0,0,0,0.02359925788497217,0.0512155902752778,0.11432706222865412,0.7435897435897436,1,2,1
318,0,0,1,0,0,0.041941867656153375,0.0,0.14905933429811866,0.7435897435897436,1,1,1
319,1,1,1,0,1,0.12183055040197897,0.0,0.21128798842257596,0.7435897435897436,2,0,0
320,1,1,0,0,0,0.027829313543599257,0.052007583939328486,0.15340086830680172,0.7435897435897436,2,1,1
321,1,1,3,0,0,0.05184910327767471,0.004535963712290302,0.1664254703328509,0.7435897435897436,2,1,1
322,1,1,2,1,0,0.04268398268398269,0.03815969472244222,0.19885985841123321,0.7435897435897436,2,0,1
323,0,0,0,0,0,0.03730364873222017,0.07163942688458493,0.17800289435600578,0.7435897435897436,1,0,1
324,1,1,3,0,0,0.1836734693877551,0.0,0.42112879884225757,0.7435897435897436,2,0,1
325,1,1,1,0,1,0.1053308596165739,0.11959104327165383,0.5311143270622286,0.7435897435897436,0,0,0
326,1,0,0,0,0,0.058961038961038964,0.0,0.17510853835021706,0.7435897435897436,0,0,1
327,1,1,0,0,1,0.07010513296227582,0.05183958528331773,0.2532561505065123,0.7435897435897436,2,1,1
328,0,1,0,0,0,0.051737786023500314,0.058823529411764705,0.14616497829232994,0.7435897435897436,2,2,0
329,0,0,0,0,0,0.02906617192331478,0.0,0.08393632416787264,0.7435897435897436,2,2,1
330,1,0,1,0,0,0.052368583797155234,0.04303165574675403,0.15629522431259044,0.7435897435897436,2,2,1
331,1,0,0,0,0,0.03444650587507731,0.0,0.12879884225759766,0.7435897435897436,2,1,1
332,1,0,0,0,0,0.03318491032776748,0.0,0.08972503617945007,0.7435897435897436,2,2,1
333,1,1,0,0,0,0.7815337043908472,0.0,0.6960926193921853,0.358974358974359,2,2,1
334,1,1,1,0,1,0.11976499690785405,0.043991648066815464,0.25036179450072354,0.358974358974359,2,2,1
335,1,1,0,0,1,0.06620902906617192,0.10775913792689659,0.08827785817655572,0.7051282051282052,2,1,1
336,1,1,1,0,0,0.06307977736549165,0.016511867905056758,0.21852387843704774,0.7435897435897436,2,0,1
337,1,1,2,0,1,0.02906617192331478,0.11039911680706554,0.24167872648335742,0.7435897435897436,2,0,1
338,0,0,3,1,0,0.02077922077922078,0.0,0.19885985841123321,0.7435897435897436,0,2,0
339,0,0,0,0,0,0.04959802102659246,0.0,0.08972503617945007,0.7435897435897436,2,1,1
340,1,1,3,1,0,0.0308843537414966,0.03808769529843761,0.23733719247467433,0.7435897435897436,2,0,0
341,0,0,0,0,0,0.027557204700061844,0.0,0.053545586107091175,0.7435897435897436,2,0,0
342,1,1,1,1,0,0.05447124304267162,0.02949576403388773,0.21562952243125902,0.7435897435897436,2,2,1
343,1,1,3,1,0,0.037390228818800254,0.0,0.09406657018813314,0.7435897435897436,2,1,1
344,1,1,2,0,0,0.030092764378478663,0.055919552643578854,0.16787264833574528,0.7435897435897436,2,0,1
345,1,1,0,0,0,0.029053803339517625,0.05899152806777546,0.21852387843704774,0.7435897435897436,2,1,1
346,1,1,0,1,0,0.04171923314780458,0.07751937984496124,0.2069464544138929,0.7435897435897436,0,0,0
347,1,1,2,1,0,0.03627705627705628,0.052031583747330024,0.16931982633863962,0.7435897435897436,2,2,1
348,1,1,0,0,0,0.07647495361781076,0.10999112007103944,0.361794500723589,0.7435897435897436,1,1,1
349,1,1,0,0,0,0.030612244897959186,0.14999880000959992,0.2575976845151953,0.7435897435897436,2,0,1
350,1,1,0,0,0,0.11048855905998764,0.0,0.3169319826338639,0.7435897435897436,2,1,1
351,1,0,0,0,0,0.10636982065553495,0.10000719994240047,0.4327062228654124,0.7435897435897436,2,0,0
352,1,1,3,0,0,0.031119356833642548,0.049991600067199465,0.12445730824891461,0.7435897435897436,2,0,1
353,0,1,0,0,1,0.06617192331478046,0.0,0.13892908827785816,0.7435897435897436,0,0,0
354,0,1,0,0,0,0.02811379097093383,0.012119903040775674,0.17510853835021706,0.7435897435897436,2,1,1
355,0,0,0,0,0,0.045306122448979594,0.0,0.15484804630969606,0.358974358974359,2,2,1
356,1,1,2,0,0,0.10121212121212121,0.07600739194086448,0.22575976845151952,0.7435897435897436,2,0,1
357,1,1,1,0,0,0.04607297464440322,0.0,0.08393632416787264,0.7435897435897436,2,2,0
358,1,1,0,1,0,0.0352504638218924,0.03998368013055895,0.13169319826338638,1.0000000000000002,0,2,0
359,1,1,3,0,0,0.062053184910327776,0.07600739194086448,0.276410998552822,0.7435897435897436,2,1,1
360,0,0,1,0,0,0.056561533704390855,0.0,0.10419681620839363,0.7435897435897436,2,1,0
361,1,1,2,0,0,0.05998763141620285,0.08800729594163247,0.3285094066570188,0.7435897435897436,2,1,1
362,1,1,0,0,0,0.056895485466914045,0.05599155206758346,0.17510853835021706,0.7435897435897436,2,2,1
363,1,1,0,0,0,0.035411255411255414,0.07279141766865865,0.12445730824891461,0.6153846153846154,1,2,1
364,1,0,0,0,1,0.08252319109461967,0.0,0.19102749638205496,0.7435897435897436,2,0,1
365,1,0,0,1,0,0.0750278293135436,0.0,0.17945007235890012,0.7435897435897436,2,0,0
366,1,0,0,0,0,0.02906617192331478,0.0,0.12590448625180894,1.0000000000000002,2,1,0
367,1,0,0,0,0,0.0615213358070501,0.0,0.1664254703328509,0.7051282051282052,0,0,0
368,1,1,1,0,0,0.07637600494743352,0.0,0.24023154848046308,0.7435897435897436,2,1,1
369,1,1,0,0,0,0.24217687074829933,0.12638298893608851,0.8118668596237337,0.7435897435897436,2,0,0
370,0,0,0,0,1,0.19306122448979593,0.0,0.06657018813314038,0.7435897435897436,2,1,1
371,1,1,2,0,0,0.06227581941867657,0.0,0.21128798842257596,0.7435897435897436,2,1,1
372,1,1,2,0,1,0.1134570191713049,0.18895048839609282,0.5369030390738061,0.6153846153846154,2,0,1
373,1,0,1,0,0,0.036017316017316024,0.04768761849905201,0.14761215629522428,0.358974358974359,0,2,0
374,0,0,0,0,0,0.032331478045763765,0.03501571987424101,0.14616497829232994,0.7435897435897436,2,2,1
375,1,1,0,0,0,0.05772418058132345,0.02215182278541772,0.1606367583212735,0.358974358974359,2,2,1
376,1,1,3,0,0,0.10636982065553495,0.11990304077567379,0.17510853835021706,0.7435897435897436,2,0,1
377,1,1,0,0,0,0.051453308596165745,0.0,0.17510853835021706,0.7435897435897436,1,1,1
378,1,0,0,0,0,0.03610389610389611,0.0,0.08972503617945007,1.0000000000000002,2,2,0
379,1,1,2,0,0,0.06482374768089054,0.0,0.17510853835021706,0.7435897435897436,2,2,1
380,1,1,0,0,0,0.03936920222634509,0.05999952000383997,0.17221418234442834,0.7435897435897436,2,1,1
381,1,0,0,0,0,0.07162646876932591,0.1015671874625003,0.41534008683068013,0.7435897435897436,2,1,1
382,0,0,0,0,0,0.07235621521335807,0.0,0.2127351664254703,0.7435897435897436,2,2,1
383,1,0,0,0,1,0.08679035250463822,0.0,0.17221418234442834,0.7435897435897436,2,2,1
384,1,1,2,0,0,0.05461966604823748,0.0,0.13169319826338638,0.7435897435897436,2,2,0
385,1,0,1,0,0,0.04350030921459493,0.0,0.150506512301013,0.358974358974359,2,2,1
386,1,0,0,1,0,0.027161410018552875,0.03839969280245758,0.17800289435600578,0.7435897435897436,2,1,1
387,1,1,0,1,0,0.03537414965986395,0.07526339789281686,0.19885985841123321,0.7435897435897436,0,2,0
388,1,1,0,0,0,0.027000618429189858,0.05800753593971248,0.18379160636758318,0.7435897435897436,2,2,1
389,1,1,0,0,0,0.0660235003092146,0.0,0.16787264833574528,0.7435897435897436,2,0,1
390,1,0,3,0,0,0.11152752009894867,0.0,0.25470332850940663,0.7435897435897436,2,0,1
391,1,1,3,0,0,0.11569573283858998,0.0,0.38494934876989867,0.7435897435897436,2,0,1
392,1,1,0,0,0,0.030092764378478663,0.050759593923248615,0.1606367583212735,0.7435897435897436,1,2,1
393,1,1,2,1,0,0.02279529993815708,0.03899968800249598,0.150506512301013,0.358974358974359,2,1,1
394,1,1,2,0,0,0.03648732220160792,0.03359973120215038,0.150506512301013,0.7435897435897436,2,2,1
395,1,1,2,0,0,0.03866419294990724,0.011615907072743419,0.18234442836468884,0.7435897435897436,1,1,1
396,0,0,0,0,0,0.03747680890538034,0.0,0.08972503617945007,0.7435897435897436,0,2,0
397,1,1,0,0,0,0.03565862708719852,0.03501571987424101,0.12445730824891461,0.7435897435897436,2,2,1
398,1,0,0,1,0,0.04640692640692641,0.03998368013055895,0.14471780028943557,0.7435897435897436,2,0,1
399,0,0,0,0,0,0.016697588126159554,0.04319965440276478,0.13603473227206944,0.7435897435897436,0,1,0
400,1,1,2,1,0,0.03387755102040817,0.0,0.05209840810419682,0.358974358974359,0,2,0
401,1,0,0,1,0,0.03222016079158937,0.0,0.08104196816208394,0.6153846153846154,2,0,0
402,1,0,0,0,0,0.02906617192331478,0.47999616003071977,0.13603473227206944,0.7435897435897436,2,1,1
403,0,0,0,1,0,0.022424242424242423,0.0,0.06367583212735166,0.7435897435897436,2,1,1
404,0,0,0,0,1,0.09017934446505875,0.0,0.26772793053545585,0.7435897435897436,2,0,0
405,0,0,0,0,0,0.05438466295609153,0.0,0.15340086830680172,0.7435897435897436,2,1,1
406,1,1,0,1,0,0.02494743351886209,0.05759953920368637,0.15340086830680172,0.7435897435897436,2,2,1
407,0,0,0,1,0,0.02551638837353123,0.0,0.0824891461649783,0.7435897435897436,2,0,1
408,1,1,1,0,0,0.10080395794681508,0.0,0.2069464544138929,0.6153846153846154,0,1,0
409,1,1,3,0,0,1.0000000000000002,0.0,0.507959479015919,0.7435897435897436,0,0,0
410,0,0,1,1,1,0.04597402597402598,0.0,0.07670043415340086,0.7435897435897436,2,1,0
411,1,1,0,0,0,0.0755225726654298,0.0,0.21852387843704774,0.7435897435897436,1,2,1
412,1,1,0,1,0,0.07354359925788498,0.0,0.30246020260492035,0.7435897435897436,0,0,0
413,1,1,0,1,0,0.02601113172541744,0.04879160966712266,0.14616497829232994,0.7435897435897436,2,0,1
414,0,1,0,1,0,0.024724799010513297,0.07768737850097199,0.2445730824891461,0.7435897435897436,0,1,0
415,0,0,0,0,0,0.03518862090290662,0.0,0.07380607814761216,0.7435897435897436,2,2,1
416,0,0,1,0,0,0.0303030303030303,0.0,0.21852387843704774,0.7435897435897436,2,2,0
417,1,1,2,0,1,0.017934446505875078,0.47999616003071977,0.33285094066570187,0.7435897435897436,2,2,0
418,1,1,0,0,0,0.010822510822510824,0.06655146758825929,0.14905933429811866,0.7435897435897436,2,0,1
419,1,1,0,0,0,0.03829313543599258,0.034007727938176496,0.1866859623733719,0.7435897435897436,2,1,1
420,1,1,0,0,0,0.07024118738404453,0.0,0.1866859623733719,0.7435897435897436,2,0,1
421,0,0,0,1,0,0.03178726035868894,0.0,0.10274963820549927,0.7051282051282052,0,2,0
422,1,1,0,0,0,0.020655534941249228,0.04125566995464036,0.13169319826338638,0.7435897435897436,2,2,1
423,1,1,1,0,0,0.0878169449598021,0.04000767993856049,0.14616497829232994,0.7051282051282052,0,2,0
424,1,1,0,0,0,0.1821892393320965,0.0,0.12590448625180894,0.7435897435897436,2,1,1
425,1,1,0,0,0,0.031119356833642548,0.10319917440660475,0.16208393632416784,0.7435897435897436,2,0,1
426,0,0,1,1,0,0.055114409400123694,0.0,0.10419681620839363,0.7435897435897436,2,0,0
427,1,1,2,0,0,0.07155225726654298,0.0,0.17945007235890012,0.7435897435897436,2,1,1
428,1,1,0,0,0,0.03426097711811998,0.0003868769251445988,0.11287988422575977,0.7435897435897436,2,0,1
429,1,0,0,1,0,0.03175015460729747,0.0,0.07380607814761216,0.358974358974359,2,2,1
430,0,0,1,0,1,0.10481137909709339,0.0,0.20405209840810418,0.7435897435897436,2,1,1
431,1,0,0,0,0,0.07854050711193568,0.0,0.13892908827785816,0.7435897435897436,0,0,0
432,1,0,0,0,0,0.1574025974025974,0.0,0.573082489146165,0.7435897435897436,2,1,1
433,1,1,0,0,0,0.02813852813852814,0.056159550723594215,0.19392185238784368,0.7435897435897436,2,1,1
434,1,0,0,0,0,0.04452690166975882,0.0,0.13169319826338638,0.7435897435897436,2,2,1
435,0,1,0,0,0,0.12241187384044527,0.0,0.19885985841123321,0.4871794871794872,2,1,1
436,1,0,0,0,0,0.021966604823747682,0.04442364461084311,0.059334298118668596,0.7435897435897436,2,1,1
437,1,1,0,0,0,0.02551638837353123,0.026999784001727985,0.19885985841123321,0.7435897435897436,2,2,1
438,1,0,0,0,1,0.12697588126159556,0.0,0.2575976845151953,0.7435897435897436,0,2,0
439,0,1,0,1,1,0.08648113790970934,0.0,0.1866859623733719,0.7435897435897436,2,0,1
440,1,0,0,0,0,0.04341372912801485,0.12153502771977824,0.2575976845151953,0.7435897435897436,2,1,1
441,1,1,0,0,0,0.09586889301175015,0.043991648066815464,0.24746743849493485,0.7435897435897436,2,0,1
442,1,0,3,1,0,0.05636363636363637,0.04783161734706123,0.20115774240231546,0.7435897435897436,2,1,1
443,1,0,1,0,0,0.46467532467532474,0.0,0.2069464544138929,0.7435897435897436,2,1,1
444,1,1,0,0,0,0.08884353741496599,0.19999040007679939,0.24023154848046308,0.6153846153846154,1,0,1
445,1,1,1,0,1,0.04101422387136673,0.029039767681858546,0.17510853835021706,0.7435897435897436,2,0,1
446,1,1,2,1,0,0.05568336425479283,0.0,0.14616497829232994,0.7435897435897436,2,0,1
447,1,1,0,0,0,0.041917130488559065,0.033023735810113516,0.06657018813314038,0.7435897435897436,2,0,0
448,1,1,2,0,0,0.039455782312925174,0.04103967168262654,0.20405209840810418,0.7435897435897436,0,0,0
449,1,0,1,1,1,0.03239332096474954,0.03700770393836849,0.2619392185238784,0.7435897435897436,1,1,0
450,1,1,2,1,0,0.026703772418058134,0.030119759041927666,0.16787264833574528,0.7435897435897436,0,0,0
451,1,1,2,1,0,0.022362399505256647,0.0349437204502364,0.07380607814761216,0.6153846153846154,1,2,1
452,1,1,0,0,0,0.046975881261595555,0.041591667266661865,0.2026049204052098,0.7435897435897436,0,0,0
453,1,1,0,0,0,0.028855905998763143,0.059183526531787746,0.11722141823444283,0.358974358974359,0,0,1
454,1,0,0,0,1,0.0857761286332715,0.0,0.1085383502170767,0.7435897435897436,2,1,1
455,1,1,2,0,0,0.04587507730364874,0.0,0.12590448625180894,0.7435897435897436,2,1,1
456,1,1,0,0,0,0.05134199134199135,0.0,0.15774240231548478,0.7435897435897436,2,2,1
457,1,1,0,0,0,0.044007421150278295,0.06165550675594595,0.23733719247467433,0.7435897435897436,2,2,0
458,1,0,2,0,0,0.05199752628324057,0.0,0.18379160636758318,0.7435897435897436,2,0,1
459,1,1,0,0,0,0.10122448979591837,0.0,0.21852387843704774,0.7435897435897436,2,1,0
460,1,1,0,0,1,0.023908472479901053,0.09799121607027143,0.21852387843704774,0.7435897435897436,1,1,1
461,1,1,3,0,0,0.09387755102040816,0.0,0.17221418234442834,0.358974358974359,2,2,1
462,1,1,0,0,0,0.035435992578849725,0.052511579907360745,0.20839363241678724,0.7435897435897436,2,0,1
463,0,0,1,1,0,0.0623500309214595,0.0,0.17800289435600578,0.7435897435897436,2,1,1
464,1,0,0,0,0,0.049672232529375394,0.0,0.12879884225759766,0.7435897435897436,0,1,0
465,1,0,0,0,0,0.07235621521335807,0.0,0.18958031837916062,0.7435897435897436,2,0,1
466,1,1,3,1,0,0.03459492888064317,0.039935680514555885,0.08827785817655572,0.358974358974359,0,2,0
467,1,1,0,0,0,0.20460111317254176,0.0,0.14616497829232994,0.7435897435897436,2,1,1
468,0,1,2,1,0,0.0007421150278293135,0.07000743994048048,0.12879884225759766,0.7435897435897436,2,1,1
469,1,1,0,0,0,0.051737786023500314,0.058823529411764705,0.14616497829232994,0.7435897435897436,2,2,0
470,1,1,1,0,1,0.04081632653061225,0.049895600835193316,0.22141823444283645,0.7435897435897436,2,1,1
471,1,1,1,1,0,0.03095856524427953,0.03599971200230398,0.150506512301013,0.358974358974359,0,0,0
472,1,1,3,0,0,0.05616573902288188,0.0,0.13169319826338638,0.7435897435897436,2,1,1
473,0,0,0,0,1,0.02906617192331478,0.0,0.1215629522431259,0.7435897435897436,1,2,1
474,1,0,2,0,0,0.06656771799628942,0.11155110759113927,0.22141823444283645,0.7435897435897436,2,0,1
475,1,1,2,0,1,0.20253555967841683,0.02433580531355749,0.20405209840810418,0.7435897435897436,2,0,1
476,1,1,2,0,0,0.08101422387136673,0.04199966400268798,0.31982633863965265,0.6153846153846154,2,1,1
477,1,1,2,0,0,0.033679653679653684,0.04492764057887537,0.17800289435600578,0.7435897435897436,0,1,0
478,1,1,1,0,1,0.20429189857761287,0.05399956800345597,0.11143270622286541,0.7435897435897436,2,1,1
479,1,1,2,0,0,0.03459492888064317,0.03847169222646219,0.19885985841123321,0.7435897435897436,2,2,0
480,0,0,0,1,0,0.05194805194805195,0.0,0.20984081041968158,0.7435897435897436,2,0,1
481,1,1,3,1,0,0.036425479282622145,0.0,0.150506512301013,0.7435897435897436,2,0,1
482,1,1,0,0,0,0.023908472479901053,0.07559939520483837,0.17221418234442834,0.7435897435897436,2,1,1
483,1,1,0,0,0,0.13213358070500927,0.0,0.3256150506512301,0.7435897435897436,2,1,1
484,1,1,2,0,0,0.10121212121212121,0.0,0.34298118668596234,0.7435897435897436,2,1,1
485,1,1,1,1,0,0.022362399505256647,0.058463532291741664,0.1765557163531114,0.7435897435897436,2,0,1
486,1,0,2,0,0,0.042016079158936306,0.0,0.10274963820549927,0.7435897435897436,0,0,0
487,1,1,1,0,0,0.22489795918367347,0.0,0.7105643994211288,0.7435897435897436,2,2,0
488,1,1,2,0,1,0.05482993197278912,0.049991600067199465,0.21852387843704774,0.7435897435897436,2,1,1
489,1,0,0,0,0,0.02826221397649969,0.0,0.0955137481910275,0.7435897435897436,2,2,0
490,1,0,0,1,0,0.03152752009894867,0.06683946528427773,0.12590448625180894,0.7435897435897436,1,1,1
491,1,1,1,1,0,0.06410636982065554,0.027143782849737202,0.256150506512301,0.7435897435897436,1,2,1
492,1,0,0,1,0,0.04379715522572666,0.0,0.14616497829232994,0.7435897435897436,2,0,1
493,0,0,0,1,1,0.21166357452071738,0.0,0.3125904486251809,0.7435897435897436,2,1,1
494,1,1,0,0,0,0.042634508348794065,0.051767585859313126,0.15918958031837913,0.7435897435897436,0,0,0
495,0,1,1,0,0,0.039282622139765,0.021911824705402358,0.13892908827785816,0.15384615384615388,2,1,1
496,1,1,0,1,0,0.0303030303030303,0.04079967360261118,0.14182344428364688,0.7435897435897436,2,0,1
497,1,1,0,0,0,0.05534941249226964,0.06856745146038831,0.14761215629522428,0.0,1,2,1
498,1,1,1,0,1,0.0339517625231911,0.0,0.12445730824891461,0.7435897435897436,2,1,1
499,1,0,0,0,0,0.075856524427953,0.10598315213478292,0.2894356005788712,0.7435897435897436,0,0,0
500,0,0,0,0,0,0.006122448979591836,0.08839129286965704,0.150506512301013,1.0000000000000002,2,0,1
501,0,0,0,0,0,0.03721706864564008,0.0,0.13169319826338638,0.7435897435897436,2,1,1
502,1,1,2,0,0,0.058317872603586896,0.1349749202006384,0.2879884225759768,0.7435897435897436,2,1,1
503,1,1,1,1,0,0.04823747680890539,0.1272469820241438,0.1866859623733719,0.7435897435897436,1,0,0
504,1,1,0,1,0,0.04531849103277675,0.03559171526627787,0.1664254703328509,0.6153846153846154,2,1,1
505,1,1,2,0,0,0.041558441558441565,0.10598315213478292,0.33863965267727925,0.7435897435897436,2,0,1
506,1,1,0,0,0,0.25581941867656155,0.16000671994624044,0.6816208393632417,0.7435897435897436,1,2,1
507,1,0,0,0,0,0.04246134817563389,0.0,0.12590448625180894,0.7435897435897436,2,2,0
508,1,1,0,0,1,0.028806431663574522,0.07231142150862793,0.25904486251808967,0.7435897435897436,2,2,1
509,0,0,1,0,0,0.1621768707482993,0.0,0.04486251808972504,0.7435897435897436,2,2,1
510,1,0,0,1,0,0.04264687693259123,0.030887752897976815,0.13169319826338638,0.7435897435897436,2,0,0
511,1,1,1,0,0,0.07316017316017316,0.04809561523507812,0.34876989869753977,0.7435897435897436,2,1,1
512,1,1,2,0,0,0.03875077303648733,0.04883960928312574,0.20115774240231546,0.7435897435897436,2,2,1
513,1,1,0,0,0,0.024489795918367346,0.1599827201382389,0.08827785817655572,0.358974358974359,2,1,0
514,1,0,0,0,0,0.07006802721088436,0.08798329613363093,0.43704775687409547,0.7435897435897436,2,0,0
515,1,1,3,0,0,0.04101422387136673,0.08227134182926536,0.20405209840810418,0.7435897435897436,2,0,1
516,0,1,2,0,0,0.02326530612244898,0.039167686658506735,0.150506512301013,1.0000000000000002,2,1,1
517,1,1,0,1,0,0.036165739022881886,0.04319965440276478,0.16497829232995656,0.7435897435897436,0,1,0
518,1,0,0,0,0,0.05606679035250464,0.04595963232294142,0.25470332850940663,0.7435897435897436,2,1,0
519,0,0,0,1,0,0.04019789734075449,0.0,0.12445730824891461,0.7435897435897436,2,0,0
520,1,1,2,1,0,0.025256648113790973,0.04180766553867569,0.05209840810419682,0.7435897435897436,2,1,1
521,1,0,0,0,0,0.02906617192331478,0.0,0.06657018813314038,0.7435897435897436,2,1,1
522,1,1,3,0,1,0.06836116264687693,0.034175726594187245,0.13169319826338638,0.7435897435897436,2,0,1
523,1,1,2,0,1,0.09645021645021645,0.1719826241390069,0.6816208393632417,0.7435897435897436,2,0,1
524,1,0,0,0,0,0.056029684601113176,0.05008759929920561,0.19885985841123321,0.7435897435897436,2,1,0
525,1,1,2,0,1,0.2145949288806432,0.0,0.5658465991316932,0.7435897435897436,2,0,1
526,1,1,0,0,0,0.0448361162646877,0.0,0.14616497829232994,0.7435897435897436,2,1,1
527,1,1,1,1,0,0.06351267779839208,0.03431972544219646,0.21997105643994208,0.7435897435897436,0,1,1
528,1,0,1,1,0,0.03128014842300557,0.031247750017999856,0.12301013024602024,0.7435897435897436,2,1,1
529,1,0,0,1,0,0.08204081632653061,0.0,0.17510853835021706,0.7435897435897436,2,1,1
530,1,1,0,0,0,0.010822510822510824,0.13199894400844794,0.29956584659913166,0.7435897435897436,1,0,1
531,1,1,3,0,0,0.051094619666048245,0.0,0.13169319826338638,0.7435897435897436,2,2,1
532,1,0,2,0,0,0.04252319109461967,0.0,0.14616497829232994,0.7435897435897436,0,0,0
533,1,0,1,0,0,0.137291280148423,0.0,0.27062228654124454,0.7435897435897436,1,1,0
534,0,0,0,1,1,0.2228200371057514,0.0,0.16787264833574528,0.7435897435897436,2,2,1
535,1,0,0,1,0,0.029684601113172542,0.049007607939136485,0.16931982633863962,0.7435897435897436,2,0,1
536,1,1,0,0,0,0.07400123685837971,0.09374325005399957,0.4558610709117221,0.7435897435897436,2,2,1
537,1,0,2,0,0,0.042881880024737175,0.0,0.14182344428364688,0.7435897435897436,2,1,1
538,1,1,0,1,0,0.03422387136672851,0.01286389708882329,0.0824891461649783,0.7435897435897436,2,0,0
539,1,1,3,0,0,0.07751391465677179,0.0,0.21418234442836467,0.358974358974359,2,0,1
540,0,1,1,0,0,0.055139146567718005,0.06827945376436989,0.18958031837916062,0.358974358974359,2,1,1
541,0,0,0,0,0,0.02458874458874459,0.0,0.130246020260492,0.7435897435897436,0,1,0
542,0,0,1,0,0,0.043314780457637606,0.0,0.12445730824891461,0.7435897435897436,2,1,1
543,1,1,1,1,0,0.025837971552257265,0.060575515395876835,0.17221418234442834,0.7435897435897436,2,2,1
544,0,1,0,1,0,0.035460729746444035,0.01591187270501836,0.1345875542691751,0.7435897435897436,1,1,1
545,1,1,0,0,0,0.032380952380952385,0.04679962560299518,0.21128798842257596,0.7435897435897436,2,0,1
546,1,0,0,1,0,0.03967841682127397,0.0,0.10274963820549927,0.05128205128205128,2,1,0
547,1,0,0,0,0,0.02938775510204082,0.04279165766673867,0.1968162083936324,0.7435897435897436,2,0,1
548,0,0,0,0,0,0.05998763141620285,0.0,0.13603473227206944,0.7435897435897436,0,1,0
549,1,1,0,0,0,0.03259121830550402,0.048383612931096553,0.14616497829232994,0.7435897435897436,2,0,1
550,1,1,2,0,1,0.08018552875695732,0.0,0.19885985841123321,0.7435897435897436,0,0,0
551,1,1,1,1,0,0.02896722325293754,0.05699954400364797,0.19885985841123321,0.7435897435897436,2,0,1
552,1,1,1,0,0,0.03936920222634509,0.07799937600499196,0.21562952243125902,0.7435897435897436,2,2,1
553,1,1,0,1,0,0.02849721706864564,0.05599155206758346,0.2489146164978292,0.7435897435897436,0,2,0
554,1,1,0,0,0,0.042585034013605444,0.10238318093455252,0.17800289435600578,0.358974358974359,0,0,0
555,1,1,1,0,0,0.0657761286332715,0.02476780185758514,0.02460202604920405,0.7435897435897436,2,1,1
556,0,0,0,0,0,0.031131725417439703,0.03899968800249598,0.1085383502170767,0.7435897435897436,1,2,1
557,1,1,3,0,1,0.12354978354978355,0.0,0.36324167872648333,0.7435897435897436,2,1,1
558,1,1,0,0,0,0.04622139764996908,0.06405548755609955,0.22141823444283645,0.7435897435897436,2,1,1
559,0,1,0,0,0,0.04984539270253557,0.05534355725154199,0.25036179450072354,0.7435897435897436,2,1,1
560,1,1,2,1,0,0.043599257884972174,0.0058079535363717094,0.14327062228654122,0.7435897435897436,2,1,1
561,0,1,1,0,1,0.23913419913419914,0.0,0.8552821997105644,0.7435897435897436,2,1,1
562,1,1,0,0,0,0.07140383426097711,0.04929560563515492,0.2923299565846599,0.7435897435897436,2,0,1
563,1,0,0,1,1,0.06988249845392702,0.0,0.17800289435600578,0.7435897435897436,2,1,1
564,1,1,2,0,0,0.10697588126159555,0.0,0.3603473227206946,0.7435897435897436,0,2,0
565,1,1,0,1,0,0.05339517625231911,0.0,0.1606367583212735,0.7435897435897436,1,0,1
566,1,0,0,0,0,0.03936920222634509,0.0,0.08827785817655572,0.7435897435897436,2,2,1
567,1,1,3,0,0,0.04019789734075449,0.05999952000383997,0.16497829232995656,0.7435897435897436,0,0,0
568,0,0,0,0,0,0.027557204700061844,0.0,0.0,0.7435897435897436,2,2,0
569,1,1,0,0,0,0.03730364873222017,0.04953560371517028,0.1374819102749638,0.7435897435897436,0,2,0
570,1,1,1,0,0,0.04040816326530613,0.04199966400268798,0.256150506512301,0.7435897435897436,2,2,1
571,1,1,0,0,0,0.061422387136672855,0.03482372141022872,0.22575976845151952,0.7435897435897436,0,2,0
572,1,1,2,0,0,0.2042795299938157,0.0,0.38494934876989867,0.7435897435897436,2,2,1
573,1,1,2,1,0,0.07390228818800247,0.03899968800249598,0.2575976845151953,1.0000000000000002,2,1,0
574,1,1,3,0,0,0.0773778602350031,0.0,0.20405209840810418,0.7435897435897436,2,1,0
575,1,1,2,0,0,0.03721706864564008,0.01106391148870809,0.14327062228654122,0.15384615384615388,2,2,1
576,1,1,0,0,0,0.0363265306122449,0.053039575683394534,0.18379160636758318,0.7435897435897436,0,1,0
577,1,0,0,0,0,0.038082869511440944,0.06573547411620707,0.14616497829232994,0.7435897435897436,2,2,1
578,1,1,1,0,0,0.020185528756957328,0.05356757145942832,0.14182344428364688,0.7435897435897436,2,0,1
579,1,0,0,0,0,0.03750154607297465,0.07000743994048048,0.21997105643994208,0.7435897435897436,2,2,1
580,1,1,2,0,0,0.0790352504638219,0.0,0.28364688856729375,0.7435897435897436,2,1,1
581,1,0,0,0,0,0.02085343228200371,0.8120815033479732,0.11722141823444283,0.7435897435897436,2,2,0
582,0,1,0,0,0,0.03730364873222017,0.0,0.03907380607814761,0.7435897435897436,2,1,1
583,1,1,1,0,0,0.02139764996907854,0.0,0.07525325615050651,0.7435897435897436,1,0,0
584,1,1,1,0,0,0.03261595547309833,0.04600763193894449,0.19826338639652674,0.7435897435897436,0,0,0
585,1,1,1,0,0,0.051119356833642556,0.07199942400460796,0.23589001447178,0.15384615384615388,2,0,0
586,1,1,0,0,0,0.02655534941249227,0.036527707778337776,0.1374819102749638,0.7435897435897436,2,2,1
587,0,0,0,1,0,0.02492269635126778,0.0,0.08827785817655572,0.7435897435897436,2,1,1
588,1,0,0,0,0,0.056895485466914045,0.0,0.12301013024602024,0.7435897435897436,2,1,1
589,1,1,2,0,1,0.03186147186147187,0.0,0.1403762662807525,0.7435897435897436,0,1,0
590,1,1,0,0,0,0.0352504638218924,0.08198334413324694,0.06801736613603473,0.358974358974359,2,1,1
591,1,1,2,0,1,0.07235621521335807,0.0,0.28364688856729375,0.4871794871794872,2,1,0
592,1,0,3,0,1,0.11387755102040817,0.0,0.4095513748191027,0.7435897435897436,2,1,1
593,1,1,0,0,0,0.04587507730364874,0.07919936640506876,0.19247467438494933,0.358974358974359,2,0,1
594,1,1,0,0,1,0.19752628324056895,0.0,0.36324167872648333,0.7435897435897436,2,2,1
595,1,0,0,1,0,0.045553494124922704,0.0,0.14616497829232994,0.7435897435897436,2,0,1
596,1,1,2,1,1,0.07709338280766852,0.023999808001535988,0.2575976845151953,0.7435897435897436,2,0,0
597,1,0,0,0,0,0.03508967223252938,0.0,0.11432706222865412,0.7435897435897436,0,1,0
598,1,1,0,0,1,0.12137291280148423,0.0,0.24746743849493485,0.7435897435897436,2,0,1
599,1,1,2,0,0,0.06963512677798392,0.0,0.2648335745296671,0.7435897435897436,2,2,1
600,0,0,3,0,0,0.00329004329004329,1.0,0.49348769898697536,0.358974358974359,1,2,0
601,1,1,0,1,0,0.03393939393939394,0.06700746394028848,0.21128798842257596,0.7435897435897436,2,0,1
602,1,1,3,0,0,0.06868274582560296,0.0,0.17221418234442834,0.7435897435897436,2,2,1
603,1,0,0,0,0,0.04361162646876933,0.10322317421460628,0.23589001447178,0.7435897435897436,2,0,1
604,0,1,1,0,0,0.14656771799628943,0.0,0.7047756874095513,0.7435897435897436,2,1,1
605,1,1,0,1,0,0.027829313543599257,0.09119927040583675,0.19885985841123321,0.358974358974359,2,2,0
606,1,1,1,0,0,0.04019789734075449,0.05999952000383997,0.23733719247467433,0.7435897435897436,2,1,1
607,1,1,2,1,0,0.047458256029684606,0.03386372909016728,0.21418234442836467,0.7435897435897436,2,0,1
608,1,1,0,0,0,0.03811997526283241,0.04679962560299518,0.14327062228654122,0.7435897435897436,2,0,1
609,0,0,0,0,0,0.034013605442176874,0.0,0.08972503617945007,0.7435897435897436,2,0,1
610,1,1,3,0,0,0.04893011750154608,0.0,0.04486251808972504,0.358974358974359,2,0,1
611,1,1,1,0,0,0.09798392084106369,0.005759953920368637,0.3531114327062228,0.7435897435897436,2,2,1
612,1,1,2,0,0,0.0919356833642548,0.0,0.2575976845151953,0.7435897435897436,2,2,1
613,0,0,0,0,1,0.05482993197278912,0.0,0.17945007235890012,0.7435897435897436,0,1,0
